model,condition,N songs,sections,"melody (onset,pitch,dur): cross − within","melody (onset,pitch,dur): ratio",contour (intervals): cross − within,contour (intervals): ratio,rhythm: cross − within,rhythm: ratio,chord changes: cross − within,chord changes: ratio
midi_llm,bars_p4,60,nontarget_after,"+0.004 [-0.004, +0.012]",1.00,"+0.009 [-0.020, +0.036]",1.01,"+0.002 [-0.017, +0.021]",1.00,"-0.006 [-0.028, +0.016]",0.99
midi_llm,bars_p4,60,nontarget_before,"-0.001 [-0.005, +0.003]",1.00,"+0.004 [-0.009, +0.019]",1.01,"-0.001 [-0.013, +0.011]",1.00,"-0.014 [-0.030, +0.003]",0.98
midi_llm,bars_p4,60,target,"+0.007 [-0.000, +0.016]",1.01,"+0.009 [-0.018, +0.037]",1.02,"+0.030 [+0.007, +0.056]",1.04,"-0.006 [-0.026, +0.015]",0.99
midi_llm,label_bridge,60,nontarget_after,"-0.001 [-0.009, +0.008]",1.00,"-0.004 [-0.030, +0.019]",0.99,"-0.015 [-0.032, +0.000]",0.98,"-0.001 [-0.022, +0.021]",1.00
midi_llm,label_bridge,60,nontarget_before,"-0.000 [-0.005, +0.005]",1.00,"-0.001 [-0.011, +0.010]",1.00,"+0.001 [-0.010, +0.012]",1.00,"-0.005 [-0.020, +0.011]",0.99
midi_llm,label_bridge,60,target,"+0.010 [+0.003, +0.018]",1.01,"+0.064 [+0.032, +0.098]",1.11,"+0.060 [+0.036, +0.085]",1.08,"-0.003 [-0.029, +0.025]",1.00
midi_llm,lyrics_all,59,nontarget_after,"+0.003 [-0.003, +0.011]",1.00,"+0.001 [-0.027, +0.027]",1.00,"-0.011 [-0.029, +0.009]",0.99,"+0.006 [-0.016, +0.031]",1.01
midi_llm,lyrics_all,59,nontarget_before,"-0.004 [-0.009, +0.001]",1.00,"+0.003 [-0.009, +0.014]",1.00,"+0.004 [-0.011, +0.020]",1.01,"-0.011 [-0.030, +0.009]",0.99
midi_llm,lyrics_all,59,target,"+0.007 [-0.002, +0.015]",1.01,"+0.013 [-0.011, +0.039]",1.02,"+0.011 [-0.008, +0.032]",1.02,"-0.023 [-0.042, -0.004]",0.97
mupt,bars_m4,224,nontarget_after,"+0.000 [-0.003, +0.003]",1.00,"-0.001 [-0.012, +0.011]",1.00,"+0.003 [-0.006, +0.012]",1.00,"+0.010 [-0.001, +0.022]",1.01
mupt,bars_m4,223,nontarget_before,"+0.002 [-0.000, +0.004]",1.00,"+0.001 [-0.004, +0.007]",1.00,"+0.001 [-0.003, +0.006]",1.00,"+0.002 [-0.004, +0.008]",1.00
mupt,bars_m4,224,target,"+0.009 [+0.005, +0.014]",1.01,"+0.058 [+0.044, +0.073]",1.09,"+0.048 [+0.037, +0.059]",1.06,"+0.042 [+0.030, +0.054]",1.05
mupt,bars_p4,224,nontarget_after,"+0.001 [-0.001, +0.004]",1.00,"+0.002 [-0.008, +0.011]",1.00,"+0.001 [-0.007, +0.009]",1.00,"-0.000 [-0.010, +0.010]",1.00
mupt,bars_p4,223,nontarget_before,"+0.002 [-0.000, +0.003]",1.00,"+0.003 [-0.003, +0.009]",1.00,"+0.002 [-0.004, +0.007]",1.00,"+0.001 [-0.005, +0.007]",1.00
mupt,bars_p4,224,target,"-0.002 [-0.006, +0.002]",1.00,"+0.008 [-0.002, +0.018]",1.01,"+0.010 [+0.002, +0.019]",1.01,"+0.001 [-0.009, +0.012]",1.00
mupt,label_bridge,224,nontarget_after,"-0.001 [-0.004, +0.002]",1.00,"-0.000 [-0.010, +0.009]",1.00,"-0.002 [-0.010, +0.007]",1.00,"+0.005 [-0.008, +0.017]",1.01
mupt,label_bridge,223,nontarget_before,"+0.000 [-0.002, +0.002]",1.00,"+0.003 [-0.002, +0.009]",1.00,"+0.001 [-0.004, +0.007]",1.00,"-0.000 [-0.006, +0.006]",1.00
mupt,label_bridge,224,target,"+0.004 [-0.000, +0.008]",1.00,"+0.027 [+0.014, +0.040]",1.04,"+0.030 [+0.017, +0.042]",1.04,"+0.009 [-0.002, +0.022]",1.01
mupt,lyrics_all,224,nontarget_after,"-0.001 [-0.003, +0.002]",1.00,"-0.007 [-0.017, +0.002]",0.99,"-0.005 [-0.013, +0.003]",0.99,"+0.007 [-0.003, +0.017]",1.01
mupt,lyrics_all,223,nontarget_before,"+0.000 [-0.002, +0.003]",1.00,"+0.006 [-0.001, +0.013]",1.01,"-0.002 [-0.006, +0.003]",1.00,"-0.001 [-0.008, +0.005]",1.00
mupt,lyrics_all,224,target,"-0.003 [-0.006, +0.001]",1.00,"-0.002 [-0.011, +0.007]",1.00,"-0.007 [-0.014, +0.001]",0.99,"-0.005 [-0.015, +0.006]",0.99
qwen_e3b,bars_m2,224,nontarget_after,"+0.001 [-0.001, +0.003]",1.00,"-0.001 [-0.012, +0.011]",1.00,"-0.000 [-0.006, +0.005]",1.00,"-0.007 [-0.016, +0.002]",0.99
qwen_e3b,bars_m2,223,nontarget_before,"+0.001 [-0.002, +0.003]",1.00,"+0.000 [-0.005, +0.006]",1.00,"-0.003 [-0.009, +0.004]",1.00,"-0.002 [-0.008, +0.005]",1.00
qwen_e3b,bars_m2,224,target,"+0.002 [-0.001, +0.005]",1.00,"+0.013 [+0.006, +0.021]",1.02,"+0.009 [+0.002, +0.017]",1.01,"+0.009 [-0.001, +0.021]",1.01
qwen_e3b,bars_m4,224,nontarget_after,"+0.001 [-0.001, +0.004]",1.00,"+0.006 [-0.006, +0.021]",1.01,"+0.005 [-0.001, +0.011]",1.01,"-0.010 [-0.018, -0.003]",0.99
qwen_e3b,bars_m4,223,nontarget_before,"+0.001 [-0.002, +0.003]",1.00,"-0.003 [-0.010, +0.003]",0.99,"+0.000 [-0.005, +0.006]",1.00,"-0.007 [-0.013, -0.001]",0.99
qwen_e3b,bars_m4,224,target,"+0.012 [+0.009, +0.016]",1.01,"+0.039 [+0.029, +0.049]",1.07,"+0.039 [+0.029, +0.049]",1.05,"+0.035 [+0.024, +0.046]",1.05
qwen_e3b,bars_p2,224,nontarget_after,"+0.002 [-0.000, +0.004]",1.00,"+0.004 [-0.005, +0.012]",1.01,"+0.006 [+0.000, +0.013]",1.01,"-0.002 [-0.010, +0.007]",1.00
qwen_e3b,bars_p2,223,nontarget_before,"+0.001 [-0.001, +0.003]",1.00,"-0.001 [-0.007, +0.005]",1.00,"+0.002 [-0.004, +0.008]",1.00,"-0.002 [-0.009, +0.004]",1.00
qwen_e3b,bars_p2,224,target,"+0.003 [+0.000, +0.006]",1.00,"+0.008 [+0.001, +0.014]",1.01,"+0.013 [+0.005, +0.020]",1.02,"-0.008 [-0.018, +0.002]",0.99
qwen_e3b,bars_p4,224,nontarget_after,"+0.002 [-0.000, +0.005]",1.00,"-0.002 [-0.012, +0.006]",1.00,"+0.009 [+0.003, +0.015]",1.01,"-0.008 [-0.016, +0.000]",0.99
qwen_e3b,bars_p4,223,nontarget_before,"+0.000 [-0.002, +0.002]",1.00,"-0.001 [-0.007, +0.006]",1.00,"+0.004 [-0.002, +0.009]",1.00,"-0.004 [-0.010, +0.003]",1.00
qwen_e3b,bars_p4,224,target,"+0.002 [-0.001, +0.006]",1.00,"+0.007 [-0.000, +0.013]",1.01,"+0.021 [+0.013, +0.029]",1.03,"-0.009 [-0.019, +0.000]",0.99
qwen_e3b,label_bridge,224,nontarget_after,"+0.002 [-0.001, +0.004]",1.00,"-0.004 [-0.013, +0.005]",0.99,"+0.003 [-0.004, +0.009]",1.00,"-0.001 [-0.010, +0.008]",1.00
qwen_e3b,label_bridge,223,nontarget_before,"+0.001 [-0.001, +0.003]",1.00,"+0.004 [-0.004, +0.013]",1.01,"+0.005 [-0.001, +0.012]",1.01,"+0.004 [-0.003, +0.011]",1.00
qwen_e3b,label_bridge,224,target,"+0.004 [+0.000, +0.007]",1.00,"+0.012 [+0.005, +0.019]",1.02,"+0.007 [+0.000, +0.014]",1.01,"+0.000 [-0.010, +0.011]",1.00
qwen_e3b,label_swap,224,nontarget_after,"+0.001 [-0.001, +0.004]",1.00,"-0.003 [-0.012, +0.005]",0.99,"+0.004 [-0.002, +0.011]",1.01,"-0.001 [-0.009, +0.008]",1.00
qwen_e3b,label_swap,223,nontarget_before,"-0.001 [-0.004, +0.001]",1.00,"+0.000 [-0.006, +0.007]",1.00,"+0.000 [-0.006, +0.006]",1.00,"-0.004 [-0.010, +0.003]",1.00
qwen_e3b,label_swap,224,target,"+0.001 [-0.002, +0.004]",1.00,"+0.003 [-0.004, +0.010]",1.00,"+0.005 [-0.003, +0.013]",1.01,"-0.007 [-0.017, +0.003]",0.99
qwen_e3b,lyrics_all,224,nontarget_after,"+0.003 [+0.001, +0.005]",1.00,"+0.008 [-0.002, +0.019]",1.01,"+0.011 [+0.005, +0.017]",1.01,"+0.003 [-0.005, +0.010]",1.00
qwen_e3b,lyrics_all,223,nontarget_before,"+0.002 [-0.000, +0.005]",1.00,"+0.007 [+0.001, +0.014]",1.01,"+0.009 [+0.003, +0.015]",1.01,"+0.009 [+0.002, +0.016]",1.01
qwen_e3b,lyrics_all,224,target,"+0.002 [-0.001, +0.005]",1.00,"+0.011 [+0.005, +0.016]",1.02,"+0.005 [-0.001, +0.011]",1.01,"+0.005 [-0.004, +0.015]",1.01
qwen_e3b,lyrics_sec,224,nontarget_after,"+0.002 [-0.000, +0.005]",1.00,"+0.004 [-0.004, +0.011]",1.01,"+0.006 [+0.000, +0.012]",1.01,"-0.005 [-0.014, +0.005]",0.99
qwen_e3b,lyrics_sec,223,nontarget_before,"+0.000 [-0.002, +0.003]",1.00,"-0.001 [-0.008, +0.006]",1.00,"+0.001 [-0.005, +0.007]",1.00,"+0.001 [-0.006, +0.008]",1.00
qwen_e3b,lyrics_sec,224,target,"+0.002 [-0.001, +0.005]",1.00,"+0.006 [-0.001, +0.013]",1.01,"+0.005 [-0.003, +0.013]",1.01,"-0.004 [-0.014, +0.007]",1.00
