list_id,trial,item_id,block,clip_A,clip_B,clip_A_label,clip_B_label,target_clip,question_ids,lyrics_sheet,status
2,1,6605450e0f,A,c1450dfe1e.wav,378506459c.wav,A,B,,fits_lyrics;coherent;natural_phrasing;stronger_structure,1,pending_audio
2,2,fece8f579d,A,645051d91f.wav,234d63966a.wav,A,B,,fits_lyrics;coherent;natural_phrasing;stronger_structure,1,ready
2,3,611650dfe5,A,90ffc9eef3.wav,93112863d4.wav,A,B,,fits_lyrics;coherent;natural_phrasing;stronger_structure,1,ready
2,4,fa5d6568db,A,7d0403f65b.wav,ef127e90b1.wav,A,B,,fits_lyrics;coherent;natural_phrasing;stronger_structure,1,ready
2,5,2633e00eb8,A,5eee3a8344.wav,668d97399c.wav,A,B,,fits_lyrics;coherent;natural_phrasing;stronger_structure,1,ready
2,6,999f0e4b7b,A,225936920d.wav,a4ef2f3aaa.wav,A,B,,fits_lyrics;coherent;natural_phrasing;stronger_structure,1,ready
2,7,5a6512d813,A,2ee6bd1d24.wav,274bedaec5.wav,A,B,,fits_lyrics;coherent;natural_phrasing;stronger_structure,1,ready
2,8,d3ffe9b579,A,617a975d19.wav,5257e9f001.wav,A,B,,fits_lyrics;coherent;natural_phrasing;stronger_structure,1,ready
2,9,e7328473a2,A,d1f9f6a3de.wav,283b1d50cc.wav,A,B,,fits_lyrics;coherent;natural_phrasing;stronger_structure,1,ready
2,10,e1e70c9b2b,A,fa818311f3.wav,986259794d.wav,A,B,,fits_lyrics;coherent;natural_phrasing;stronger_structure,1,ready
2,11,21ac814491,A,6abfa1d732.wav,ddcf9f7b80.wav,A,B,,fits_lyrics;coherent;natural_phrasing;stronger_structure,1,ready
2,12,e7040a2b16,A,2bcd0c5c25.wav,73fc5ab1f9.wav,A,B,,fits_lyrics;coherent;natural_phrasing;stronger_structure,1,ready
2,13,4c67ace47f,A,274c3fa7cb.wav,83d0ac776f.wav,A,B,,fits_lyrics;coherent;natural_phrasing;stronger_structure,1,ready
2,14,95447182e3,A,d35ff86b82.wav,ea4a238ee4.wav,A,B,,fits_lyrics;coherent;natural_phrasing;stronger_structure,1,ready
2,15,fed983b168,A,048fd6fb1a.wav,078749a1fe.wav,A,B,,fits_lyrics;coherent;natural_phrasing;stronger_structure,1,ready
2,16,aaa92dc9ba,A,6a28520d45.wav,190dabd8f8.wav,A,B,,fits_lyrics;coherent;natural_phrasing;stronger_structure,1,ready
2,17,460da9f455,A,ed14791986.wav,2e0fdb6669.wav,A,B,,fits_lyrics;coherent;natural_phrasing;stronger_structure,1,ready
2,18,5f13bf698c,A,cdc74936f5.wav,b0e3357278.wav,A,B,,fits_lyrics;coherent;natural_phrasing;stronger_structure,1,ready
2,19,c5157c835d,A,1431f7c946.wav,947da478e0.wav,A,B,,fits_lyrics;coherent;natural_phrasing;stronger_structure,1,ready
2,20,8821cd37f3,A,4dbb305cc8.wav,bd26cf2579.wav,A,B,,fits_lyrics;coherent;natural_phrasing;stronger_structure,1,ready
2,21,4d2615170e,A,11a5a0d818.wav,9ee045c9b3.wav,A,B,,fits_lyrics;coherent;natural_phrasing;stronger_structure,1,ready
2,22,878c3a473a,A,f963440279.wav,5b56156c6f.wav,A,B,,fits_lyrics;coherent;natural_phrasing;stronger_structure,1,ready
2,23,34d3e87c70,A,d900b8a2a2.wav,5bf07edff9.wav,A,B,,fits_lyrics;coherent;natural_phrasing;stronger_structure,1,ready
2,24,d28ddeec03,A,a92d5d0bba.wav,a0ba6f1623.wav,A,B,,fits_lyrics;coherent;natural_phrasing;stronger_structure,1,ready
2,25,b0ae654733,A,1d3055a1dd.wav,452c4d32e8.wav,A,B,,fits_lyrics;coherent;natural_phrasing;stronger_structure,1,ready
2,26,55b90593a0,A,39bb615c13.wav,44b7c45ce7.wav,A,B,,fits_lyrics;coherent;natural_phrasing;stronger_structure,1,ready
2,27,01d4edbd75,A,f27a634c13.wav,580b932314.wav,A,B,,fits_lyrics;coherent;natural_phrasing;stronger_structure,1,ready
2,28,88c9bbeeb0,A,bba7eee359.wav,d2bc68e09f.wav,A,B,,fits_lyrics;coherent;natural_phrasing;stronger_structure,1,ready
2,29,5eacfa4ac2,A,d47754ac7e.wav,0a775e3161.wav,A,B,,fits_lyrics;coherent;natural_phrasing;stronger_structure,1,ready
2,30,48e3864988,A,6be7fa8d3b.wav,99ed67c63f.wav,A,B,,fits_lyrics;coherent;natural_phrasing;stronger_structure,1,ready
2,31,766bfb5bff,A,9201f2254d.wav,7a164664b0.wav,A,B,,fits_lyrics;coherent;natural_phrasing;stronger_structure,1,ready
2,32,c453bb6708,A,60606bb3db.wav,b2fa205ad0.wav,A,B,,fits_lyrics;coherent;natural_phrasing;stronger_structure,1,ready
2,33,603f0ba44c,A,f452604dfd.wav,7515e75dd8.wav,A,B,,fits_lyrics;coherent;natural_phrasing;stronger_structure,1,ready
2,34,8478922c84,B,dc3f7690d0.wav,61c24834d9.wav,A,B,21efa35880.wav,clearer;more_natural;follows_target,0,ready
2,35,c06dd51670,B,ab0f98627b.wav,8a80a316c1.wav,A,B,4a94f72464.wav,clearer;more_natural;follows_target,0,ready
2,36,345dea94b4,B,9ed85d69af.wav,434feeecc1.wav,A,B,fe2e34c3ac.wav,clearer;more_natural;follows_target,0,ready
2,37,effc68c400,B,b625d6f986.wav,830e9f8fc3.wav,A,B,4d73cc1871.wav,clearer;more_natural;follows_target,0,ready
2,38,3385fc5424,B,4fbb2f5f87.wav,a7c3f790ec.wav,A,B,38b13d4f95.wav,clearer;more_natural;follows_target,0,ready
2,39,057ac462b8,B,adb0e771a6.wav,78a36f1efe.wav,A,B,50c4c03b2a.wav,clearer;more_natural;follows_target,0,ready
2,40,bbb3f2ea82,B,1d4a235cac.wav,7801c90341.wav,A,B,52c31418a2.wav,clearer;more_natural;follows_target,0,ready
2,41,109fd427b0,B,a7494feeb1.wav,fb4a1269bc.wav,A,B,7eb5643c3d.wav,clearer;more_natural;follows_target,0,ready
2,42,639702996e,B,430408305c.wav,2f639f6e7f.wav,A,B,1ca7f12a6a.wav,clearer;more_natural;follows_target,0,ready
2,43,36f5ffd195,B,422ca71e46.wav,d0bfad5173.wav,A,B,1347fb508b.wav,clearer;more_natural;follows_target,0,ready
2,44,b1a387227f,B,09b6dd6c36.wav,03d60f0d83.wav,A,B,3247fef7d8.wav,clearer;more_natural;follows_target,0,ready
2,45,21dca2fe2f,B,b5b84730f3.wav,5c7b09b7a2.wav,A,B,eef643fb4c.wav,clearer;more_natural;follows_target,0,ready
2,46,3694887b53,B,7dc7cd37ec.wav,adc920d9de.wav,A,B,8325798bd8.wav,clearer;more_natural;follows_target,0,ready
2,47,9e03809536,B,c679f73b48.wav,1ed0a507fd.wav,A,B,846fb4f582.wav,clearer;more_natural;follows_target,0,ready
2,48,bfd33cd7d4,B,9008185f61.wav,6ff4a1b0b6.wav,A,B,de42f616d5.wav,clearer;more_natural;follows_target,0,ready
2,49,f5880a1cd2,B,43aaa838ed.wav,5e90b5a9fe.wav,A,B,e33d62bfd6.wav,clearer;more_natural;follows_target,0,ready
2,50,1c39ac91ad,B,7ab0a35955.wav,d00db376ce.wav,A,B,cbc4232137.wav,clearer;more_natural;follows_target,0,ready
2,51,76fadea85b,B,cfea721e4b.wav,5a8716d12b.wav,A,B,e8076c8e61.wav,clearer;more_natural;follows_target,0,ready
2,52,febd1d0c80,B,238af383ac.wav,0abec19850.wav,A,B,206cc9ede7.wav,clearer;more_natural;follows_target,0,ready
2,53,804c72766c,B,07b217cd03.wav,f5c75e1005.wav,A,B,bc515aec49.wav,clearer;more_natural;follows_target,0,ready
2,54,d6b48fcaf1,B,5207bd1124.wav,81d8ea9b98.wav,A,B,96a6969616.wav,clearer;more_natural;follows_target,0,pending_audio
2,55,3546319c8f,C,4aceb40912.wav,db8534efbc.wav,A,B,,fits_melody;harmonically_coherent;more_natural,0,ready
2,56,240b298698,C,a2e76e494b.wav,ee2d1fb7c2.wav,A,B,,fits_melody;harmonically_coherent;more_natural,0,ready
2,57,f189fef362,C,6887a8e018.wav,99119c1546.wav,A,B,,fits_melody;harmonically_coherent;more_natural,0,ready
2,58,6458daaee0,C,8dbd6571d9.wav,ee52a887cf.wav,A,B,,fits_melody;harmonically_coherent;more_natural,0,ready
2,59,1f62cd6593,C,a1805f1411.wav,e4253e86e2.wav,A,B,,fits_melody;harmonically_coherent;more_natural,0,ready
2,60,5de118abe6,C,b075b9f0c6.wav,561cb11abc.wav,A,B,,fits_melody;harmonically_coherent;more_natural,0,ready
2,61,3dca0ee9be,C,737b90d0fd.wav,1dabbd1dff.wav,A,B,,fits_melody;harmonically_coherent;more_natural,0,ready
2,62,51a1fdc4bb,C,a6a0e63b2b.wav,63dd97db6b.wav,A,B,,fits_melody;harmonically_coherent;more_natural,0,ready
2,63,532f7d60df,C,562b10fbad.wav,12bb9b00ac.wav,A,B,,fits_melody;harmonically_coherent;more_natural,0,ready
2,64,03df11ae6c,C,e06d15e774.wav,7dc6b9ef40.wav,A,B,,fits_melody;harmonically_coherent;more_natural,0,ready
2,65,fdf6e642f4,C,dcff586adb.wav,3641d50042.wav,A,B,,fits_melody;harmonically_coherent;more_natural,0,ready
2,66,b316b4831d,C,6c9892190d.wav,810a9a1ea8.wav,A,B,,fits_melody;harmonically_coherent;more_natural,0,ready
2,67,f780c121e7,C,10dbb17073.wav,0a0bef2545.wav,A,B,,fits_melody;harmonically_coherent;more_natural,0,ready
2,68,5861965bc0,C,2d966f5f17.wav,9e3ad9bc49.wav,A,B,,fits_melody;harmonically_coherent;more_natural,0,ready
2,69,695ac8ead0,C,966082fd0c.wav,5fc32eefbe.wav,A,B,,fits_melody;harmonically_coherent;more_natural,0,ready
2,70,aea95ce939,C,ef3c3dbb16.wav,c58692f970.wav,A,B,,fits_melody;harmonically_coherent;more_natural,0,ready
2,71,1c998c9107,C,015d40ebfc.wav,f2a289cdba.wav,A,B,,fits_melody;harmonically_coherent;more_natural,0,ready
2,72,8c2bcf050a,C,a945110ea6.wav,d7d3cf2c3b.wav,A,B,,fits_melody;harmonically_coherent;more_natural,0,ready
2,73,46300cfdda,D,2b94457dc9.wav,5f6937f05d.wav,ORIGINAL,EDITED,,connects_naturally;unrelated_consistent,1,ready
2,74,89db4f808f,D,16701548db.wav,dfcbe93a55.wav,ORIGINAL,EDITED,,connects_naturally;unrelated_consistent,0,ready
2,75,aae750c034,D,74dd377b60.wav,25afa069e5.wav,ORIGINAL,EDITED,,connects_naturally;unrelated_consistent,1,ready
2,76,682966ee55,D,524a7b2fb2.wav,bf122cb5c4.wav,ORIGINAL,EDITED,,connects_naturally;unrelated_consistent,0,ready
2,77,c94bb6d06e,D,2f6bea8132.wav,18af03e16d.wav,ORIGINAL,EDITED,,connects_naturally;unrelated_consistent,0,ready
2,78,d1f9fd2928,D,dfadca5961.wav,7841b30f11.wav,ORIGINAL,EDITED,,connects_naturally;unrelated_consistent,0,ready
2,79,1d033b4b74,D,0b91abc4f0.wav,7de39c6ff3.wav,ORIGINAL,EDITED,,connects_naturally;unrelated_consistent,1,ready
2,80,135ba869a3,D,d5b9625d43.wav,fe5b3bdc0e.wav,ORIGINAL,EDITED,,connects_naturally;unrelated_consistent,0,ready
2,81,a647425495,D,22ac7c98a7.wav,e7c1c3b593.wav,ORIGINAL,EDITED,,connects_naturally;unrelated_consistent,1,ready
2,82,51cc90875b,D,c7bdc67dfd.wav,a9bc8de7c2.wav,ORIGINAL,EDITED,,connects_naturally;unrelated_consistent,0,ready
2,83,55694456db,D,16fcdd913d.wav,3281cfd4ae.wav,ORIGINAL,EDITED,,connects_naturally;unrelated_consistent,1,ready
2,84,52d72aa8e0,D,64230060f4.wav,ddab275195.wav,ORIGINAL,EDITED,,connects_naturally;unrelated_consistent,1,ready
2,85,09743a97ec,D,a57f2a5549.wav,9cbf84927c.wav,ORIGINAL,EDITED,,connects_naturally;unrelated_consistent,0,ready
2,86,cb0dd299e8,D,fc3e3dab87.wav,daaab26612.wav,ORIGINAL,EDITED,,connects_naturally;unrelated_consistent,1,ready
2,87,a7faa07593,D,238acc4aae.wav,bb763aaa1d.wav,ORIGINAL,EDITED,,connects_naturally;unrelated_consistent,0,ready
2,88,5c9fa4c844,D,83ba45e7c8.wav,b78d65fcb7.wav,ORIGINAL,EDITED,,connects_naturally;unrelated_consistent,0,ready
2,89,b51b349dcb,D,ad32d0caa0.wav,4aba5c19a2.wav,ORIGINAL,EDITED,,connects_naturally;unrelated_consistent,1,ready
2,90,c61018d748,D,7499aa97ea.wav,81540f2cc9.wav,ORIGINAL,EDITED,,connects_naturally;unrelated_consistent,0,ready
2,91,d6a9f26736,D,0d17a1e152.wav,af6662a5c9.wav,ORIGINAL,EDITED,,connects_naturally;unrelated_consistent,1,ready
2,92,bb405f2e92,D,ebd8dcb600.wav,fb1ac944e3.wav,ORIGINAL,EDITED,,connects_naturally;unrelated_consistent,0,ready
2,93,8508ae3d95,D,9b6a5a5e3e.wav,5dc51218c8.wav,ORIGINAL,EDITED,,connects_naturally;unrelated_consistent,1,ready
2,94,b19dc78e5b,D,2f0cd7bc5c.wav,7a456b190b.wav,ORIGINAL,EDITED,,connects_naturally;unrelated_consistent,0,ready
2,95,29eca9394a,D,a42664dda3.wav,711bb97742.wav,ORIGINAL,EDITED,,connects_naturally;unrelated_consistent,1,ready
2,96,5477f70bb1,D,2baec4d93f.wav,ec12b52de5.wav,ORIGINAL,EDITED,,connects_naturally;unrelated_consistent,1,ready
2,97,2ae50c1014,E,c7ffdbde55.wav,803e8b731c.wav,A,B,,more_chorus_like,0,ready
2,98,5da81eed51,E,b5c7e3e37b.wav,f370d93cd9.wav,A,B,,more_chorus_like,0,ready
2,99,27b1c10b94,E,352e3a70ea.wav,8e83c7dc1f.wav,A,B,,more_bridge_like,0,ready
2,100,b8e3d135dc,E,a6712a7407.wav,598f834360.wav,A,B,,more_bridge_like,0,ready
2,101,013f9f95fb,E,b84b279034.wav,71d042ca32.wav,A,B,,more_bridge_like,0,ready
2,102,5e720cc2ff,E,915d39b71b.wav,8996dc8bcb.wav,A,B,,more_bridge_like,0,ready
2,103,33d0a34383,E,c916d513c8.wav,ee5ef120df.wav,A,B,,more_chorus_like,0,ready
2,104,26904ed5ff,E,5480be7479.wav,0ae64ad10b.wav,A,B,,more_chorus_like,0,ready
2,105,fc177aa053,E,3b2c94a8dc.wav,eabaecb2fb.wav,A,B,,more_bridge_like,0,ready
2,106,26ae8ff0f8,E,a390251726.wav,fb1da093cd.wav,A,B,,more_chorus_like,0,ready
2,107,7b06023045,E,ff4d4f8473.wav,186f2211ce.wav,A,B,,more_chorus_like,0,ready
2,108,7ece45252d,E,34078637aa.wav,71d1c146e8.wav,A,B,,more_bridge_like,0,ready
