clip_id,item_id,block,status,type,source_path,field,start_s,dur_s,sections,transform
a0ba6f1623,d28ddeec03,A,ready,wav,/gscratch/ark/pingw220/qwen_abc_r2_offload/component_sota_audio/svs/mel/27o7ErWiozSj47o3dnPvVf/fastsinger.wav,,17.09,30.0,,
a92d5d0bba,d28ddeec03,A,ready,wav,/gscratch/ark/pingw220/qwen_abc_r2_offload/component_sota_audio/svs/csl_offc/27o7ErWiozSj47o3dnPvVf/fastsinger.wav,,0.0,30.0,,
234d63966a,fece8f579d,A,ready,wav,/gscratch/ark/pingw220/qwen_abc_r2_offload/component_sota_audio/svs/mel/4VEbbZeJwrlqRBTTscq3m2/fastsinger.wav,,8.71,30.0,,
645051d91f,fece8f579d,A,ready,wav,/gscratch/ark/pingw220/qwen_abc_r2_offload/component_sota_audio/svs/csl_offc/4VEbbZeJwrlqRBTTscq3m2/fastsinger.wav,,0.0,30.0,,
d35ff86b82,95447182e3,A,ready,wav,/gscratch/ark/pingw220/qwen_abc_r2_offload/component_sota_audio/svs/mel/255drLOJ94rmt1SDRj6H3N/fastsinger.wav,,16.2,30.0,,
ea4a238ee4,95447182e3,A,ready,wav,/gscratch/ark/pingw220/qwen_abc_r2_offload/component_sota_audio/svs/csl_offc/255drLOJ94rmt1SDRj6H3N/fastsinger.wav,,0.0,30.0,,
283b1d50cc,e7328473a2,A,ready,wav,/gscratch/ark/pingw220/qwen_abc_r2_offload/component_sota_audio/svs/mel/1oWX2EGO7Z8YCZ5jJuGrpM/soulx/generated.wav,,14.43,30.0,,
d1f9f6a3de,e7328473a2,A,ready,wav,/gscratch/ark/pingw220/qwen_abc_r2_offload/component_sota_audio/svs/csl_offc/1oWX2EGO7Z8YCZ5jJuGrpM/soulx/generated.wav,,0.0,30.0,,
617a975d19,d3ffe9b579,A,ready,wav,/gscratch/ark/pingw220/qwen_abc_r2_offload/component_sota_audio/svs/mel/4218Xav4mopAXlguvSJ9Uv/soulx/generated.wav,,18.2,30.0,,
5257e9f001,d3ffe9b579,A,ready,wav,/gscratch/ark/pingw220/qwen_abc_r2_offload/component_sota_audio/svs/csl_offc/4218Xav4mopAXlguvSJ9Uv/soulx/generated.wav,,0.0,30.0,,
7d0403f65b,fa5d6568db,A,ready,wav,/gscratch/ark/pingw220/qwen_abc_r2_offload/component_sota_audio/svs/mel/7v46DZBqB4xmaTHRygC8gy/fastsinger.wav,,0.0,30.0,,
ef127e90b1,fa5d6568db,A,ready,wav,/gscratch/ark/pingw220/qwen_abc_r2_offload/component_sota_audio/svs/csl_offc/7v46DZBqB4xmaTHRygC8gy/fastsinger.wav,,0.0,30.0,,
452c4d32e8,b0ae654733,A,ready,wav,/gscratch/ark/pingw220/qwen_abc_r2_offload/component_sota_audio/svs/mel/5K8AQ2dBiXolebEfawTrzv/soulx/generated.wav,,16.94,30.0,,
1d3055a1dd,b0ae654733,A,ready,wav,/gscratch/ark/pingw220/qwen_abc_r2_offload/component_sota_audio/svs/e3b/5K8AQ2dBiXolebEfawTrzv/soulx/generated.wav,,17.5,30.0,,
6a28520d45,aaa92dc9ba,A,ready,wav,/gscratch/ark/pingw220/qwen_abc_r2_offload/component_sota_audio/svs/mel/2YSqK9S0SZjulBJdc9BYuu/soulx/generated.wav,,11.15,30.0,,
190dabd8f8,aaa92dc9ba,A,ready,wav,/gscratch/ark/pingw220/qwen_abc_r2_offload/component_sota_audio/svs/e3b/2YSqK9S0SZjulBJdc9BYuu/soulx/generated.wav,,11.53,30.0,,
0a775e3161,5eacfa4ac2,A,ready,wav,/gscratch/ark/pingw220/qwen_abc_r2_offload/component_sota_audio/svs/mel/3im9iOhpZNgaTS4VGYOGF9/soulx/generated.wav,,7.97,30.0,,
d47754ac7e,5eacfa4ac2,A,ready,wav,/gscratch/ark/pingw220/qwen_abc_r2_offload/component_sota_audio/svs/e3b/3im9iOhpZNgaTS4VGYOGF9/soulx/generated.wav,,7.04,30.0,,
cdc74936f5,5f13bf698c,A,ready,wav,/gscratch/ark/pingw220/qwen_abc_r2_offload/component_sota_audio/svs/mel/255drLOJ94rmt1SDRj6H3N/fastsinger.wav,,16.2,30.0,,
b0e3357278,5f13bf698c,A,ready,wav,/gscratch/ark/pingw220/qwen_abc_r2_offload/component_sota_audio/svs/e3b/255drLOJ94rmt1SDRj6H3N/fastsinger.wav,,15.78,30.0,,
2ee6bd1d24,5a6512d813,A,ready,wav,/gscratch/ark/pingw220/qwen_abc_r2_offload/component_sota_audio/svs/mel/0A4ehMRLl7v8TFyhSbdkh8/fastsinger.wav,,19.16,30.0,,
274bedaec5,5a6512d813,A,ready,wav,/gscratch/ark/pingw220/qwen_abc_r2_offload/component_sota_audio/svs/e3b/0A4ehMRLl7v8TFyhSbdkh8/fastsinger.wav,,18.8,30.0,,
7515e75dd8,603f0ba44c,A,ready,wav,/gscratch/ark/pingw220/qwen_abc_r2_offload/component_sota_audio/svs/mel/4VfHbfbzNPZmX5KI4iAOyT/soulx/generated.wav,,1.78,30.0,,
f452604dfd,603f0ba44c,A,ready,wav,/gscratch/ark/pingw220/qwen_abc_r2_offload/component_sota_audio/svs/e3b/4VfHbfbzNPZmX5KI4iAOyT/soulx/generated.wav,,0.86,30.0,,
6abfa1d732,21ac814491,A,ready,wav,/gscratch/ark/pingw220/qwen_abc_r2_offload/component_sota_audio/svs/e3b/32fzm1b8Ivyyj9qKXjiMZw/soulx/generated.wav,,0.0,30.0,,
ddcf9f7b80,21ac814491,A,ready,wav,/gscratch/ark/pingw220/qwen_abc_r2_offload/component_sota_audio/svs/csl_offc/32fzm1b8Ivyyj9qKXjiMZw/soulx/generated.wav,,0.0,30.0,,
b2fa205ad0,c453bb6708,A,ready,wav,/gscratch/ark/pingw220/qwen_abc_r2_offload/component_sota_audio/svs/e3b/1oWX2EGO7Z8YCZ5jJuGrpM/fastsinger.wav,,13.57,30.0,,
60606bb3db,c453bb6708,A,ready,wav,/gscratch/ark/pingw220/qwen_abc_r2_offload/component_sota_audio/svs/csl_offc/1oWX2EGO7Z8YCZ5jJuGrpM/fastsinger.wav,,0.0,30.0,,
9ee045c9b3,4d2615170e,A,ready,wav,/gscratch/ark/pingw220/qwen_abc_r2_offload/component_sota_audio/svs/e3b/5LlXalu5DZuQl7Q9CmNKp0/soulx/generated.wav,,6.06,30.0,,
11a5a0d818,4d2615170e,A,ready,wav,/gscratch/ark/pingw220/qwen_abc_r2_offload/component_sota_audio/svs/csl_offc/5LlXalu5DZuQl7Q9CmNKp0/soulx/generated.wav,,0.0,30.0,,
6be7fa8d3b,48e3864988,A,ready,wav,/gscratch/ark/pingw220/qwen_abc_r2_offload/component_sota_audio/svs/e3b/5gIW9IMReT6xicyfHKtcug/soulx/generated.wav,,7.19,30.0,,
99ed67c63f,48e3864988,A,ready,wav,/gscratch/ark/pingw220/qwen_abc_r2_offload/component_sota_audio/svs/csl_offc/5gIW9IMReT6xicyfHKtcug/soulx/generated.wav,,0.0,30.0,,
2e0fdb6669,460da9f455,A,ready,wav,/gscratch/ark/pingw220/qwen_abc_r2_offload/component_sota_audio/svs/e3b/4VfHbfbzNPZmX5KI4iAOyT/fastsinger.wav,,0.86,30.0,,
ed14791986,460da9f455,A,ready,wav,/gscratch/ark/pingw220/qwen_abc_r2_offload/component_sota_audio/svs/csl_offc/4VfHbfbzNPZmX5KI4iAOyT/fastsinger.wav,,0.0,30.0,,
4dbb305cc8,8821cd37f3,A,ready,wav,/gscratch/ark/pingw220/qwen_abc_r2_offload/component_sota_audio/svs/e3b/6TCciGLZyMSTZDJDmrdVSI/fastsinger.wav,,31.77,30.0,,
bd26cf2579,8821cd37f3,A,ready,wav,/gscratch/ark/pingw220/qwen_abc_r2_offload/component_sota_audio/svs/csl_offc/6TCciGLZyMSTZDJDmrdVSI/fastsinger.wav,,0.0,30.0,,
078749a1fe,fed983b168,A,ready,wav,/gscratch/ark/pingw220/qwen_abc_r2_offload/component_sota_audio/svs/csl_offc/4VfHbfbzNPZmX5KI4iAOyT/soulx/generated.wav,,0.0,30.0,,
048fd6fb1a,fed983b168,A,ready,wav,/gscratch/ark/pingw220/qwen_abc_r2_offload/component_sota_audio/svs/csl_rtc/4VfHbfbzNPZmX5KI4iAOyT/soulx/generated.wav,,0.0,30.0,,
93112863d4,611650dfe5,A,ready,wav,/gscratch/ark/pingw220/qwen_abc_r2_offload/component_sota_audio/svs/csl_offc/47ZxPbe5sBnGaQanA7sQDq/soulx/generated.wav,,0.0,30.0,,
90ffc9eef3,611650dfe5,A,ready,wav,/gscratch/ark/pingw220/qwen_abc_r2_offload/component_sota_audio/svs/csl_rtc/47ZxPbe5sBnGaQanA7sQDq/soulx/generated.wav,,0.0,30.0,,
c1450dfe1e,6605450e0f,A,pending,wav,/gscratch/ark/pingw220/qwen_abc_r2_offload/component_sota_audio/svs/csl_offc/7v46DZBqB4xmaTHRygC8gy/soulx/generated.wav,,0.0,30.0,,
378506459c,6605450e0f,A,pending,wav,/gscratch/ark/pingw220/qwen_abc_r2_offload/component_sota_audio/svs/csl_rtc/7v46DZBqB4xmaTHRygC8gy/soulx/generated.wav,,0.0,30.0,,
fa818311f3,e1e70c9b2b,A,ready,wav,/gscratch/ark/pingw220/qwen_abc_r2_offload/component_sota_audio/svs/csl_offc/0A4ehMRLl7v8TFyhSbdkh8/fastsinger.wav,,0.0,30.0,,
986259794d,e1e70c9b2b,A,ready,wav,/gscratch/ark/pingw220/qwen_abc_r2_offload/component_sota_audio/svs/csl_rtc/0A4ehMRLl7v8TFyhSbdkh8/fastsinger.wav,,0.0,30.0,,
5b56156c6f,878c3a473a,A,ready,wav,/gscratch/ark/pingw220/qwen_abc_r2_offload/component_sota_audio/svs/csl_offc/2YSqK9S0SZjulBJdc9BYuu/fastsinger.wav,,0.0,30.0,,
f963440279,878c3a473a,A,ready,wav,/gscratch/ark/pingw220/qwen_abc_r2_offload/component_sota_audio/svs/csl_rtc/2YSqK9S0SZjulBJdc9BYuu/fastsinger.wav,,0.0,30.0,,
f27a634c13,01d4edbd75,A,ready,wav,/gscratch/ark/pingw220/qwen_abc_r2_offload/component_sota_audio/svs/csl_offc/7omMiE6h9Js24Cr22A0Fbv/soulx/generated.wav,,0.0,30.0,,
580b932314,01d4edbd75,A,ready,wav,/gscratch/ark/pingw220/qwen_abc_r2_offload/component_sota_audio/svs/csl_rtc/7omMiE6h9Js24Cr22A0Fbv/soulx/generated.wav,,0.0,30.0,,
a4ef2f3aaa,999f0e4b7b,A,ready,wav,/gscratch/ark/pingw220/qwen_abc_r2_offload/component_sota_audio/svs/mel/3im9iOhpZNgaTS4VGYOGF9/soulx/generated.wav,,7.97,30.0,,
225936920d,999f0e4b7b,A,ready,wav,/gscratch/ark/pingw220/qwen_abc_r2_offload/component_sota_audio/svs/ref/3im9iOhpZNgaTS4VGYOGF9/soulx/generated.wav,,7.81,30.0,,
bba7eee359,88c9bbeeb0,A,ready,wav,/gscratch/ark/pingw220/qwen_abc_r2_offload/component_sota_audio/svs/mel/28IzuspwIj6C8XAOoIJ1Wp/soulx/generated.wav,,0.2,30.0,,
d2bc68e09f,88c9bbeeb0,A,ready,wav,/gscratch/ark/pingw220/qwen_abc_r2_offload/component_sota_audio/svs/ref/28IzuspwIj6C8XAOoIJ1Wp/soulx/generated.wav,,0.0,30.0,,
39bb615c13,55b90593a0,A,ready,wav,/gscratch/ark/pingw220/qwen_abc_r2_offload/component_sota_audio/svs/mel/09d4jeFypKBWzZVfHKBeVY/fastsinger.wav,,13.85,30.0,,
44b7c45ce7,55b90593a0,A,ready,wav,/gscratch/ark/pingw220/qwen_abc_r2_offload/component_sota_audio/svs/ref/09d4jeFypKBWzZVfHKBeVY/fastsinger.wav,,14.15,30.0,,
7a164664b0,766bfb5bff,A,ready,wav,/gscratch/ark/pingw220/qwen_abc_r2_offload/component_sota_audio/svs/mel/5icriKgD89JhLxeSnd9o74/soulx/generated.wav,,14.1,30.0,,
9201f2254d,766bfb5bff,A,ready,wav,/gscratch/ark/pingw220/qwen_abc_r2_offload/component_sota_audio/svs/ref/5icriKgD89JhLxeSnd9o74/soulx/generated.wav,,14.1,30.0,,
83d0ac776f,4c67ace47f,A,ready,wav,/gscratch/ark/pingw220/qwen_abc_r2_offload/component_sota_audio/svs/mel/59E7BFFni2GTDisijRqKU7/fastsinger.wav,,17.78,30.0,,
274c3fa7cb,4c67ace47f,A,ready,wav,/gscratch/ark/pingw220/qwen_abc_r2_offload/component_sota_audio/svs/ref/59E7BFFni2GTDisijRqKU7/fastsinger.wav,,23.78,30.0,,
5eee3a8344,2633e00eb8,A,ready,wav,/gscratch/ark/pingw220/qwen_abc_r2_offload/component_sota_audio/svs/mel/4VEbbZeJwrlqRBTTscq3m2/soulx/generated.wav,,8.71,30.0,,
668d97399c,2633e00eb8,A,ready,wav,/gscratch/ark/pingw220/qwen_abc_r2_offload/component_sota_audio/svs/ref/4VEbbZeJwrlqRBTTscq3m2/soulx/generated.wav,,8.49,30.0,,
830e9f8fc3,effc68c400,B,ready,wav,/gscratch/ark/pingw220/qwen_abc_r2_offload/component_sota_audio/svs/ref/09d4jeFypKBWzZVfHKBeVY/fastsinger.wav,,14.15,30.0,,
b625d6f986,effc68c400,B,ready,wav,/gscratch/ark/pingw220/qwen_abc_r2_offload/component_sota_audio/svs/ref/09d4jeFypKBWzZVfHKBeVY/soulx/generated.wav,,14.15,30.0,,
4d73cc1871,effc68c400,B,ready,midi_to_render,/gscratch/ark/pingw220/qwen_abc_r2_offload/component_sota_audio/svs/ref/09d4jeFypKBWzZVfHKBeVY/fs.mid,,14.15,30.0,,
9008185f61,bfd33cd7d4,B,ready,wav,/gscratch/ark/pingw220/qwen_abc_r2_offload/component_sota_audio/svs/ref/27o7ErWiozSj47o3dnPvVf/fastsinger.wav,,15.1,30.0,,
6ff4a1b0b6,bfd33cd7d4,B,ready,wav,/gscratch/ark/pingw220/qwen_abc_r2_offload/component_sota_audio/svs/ref/27o7ErWiozSj47o3dnPvVf/soulx/generated.wav,,15.1,30.0,,
de42f616d5,bfd33cd7d4,B,ready,midi_to_render,/gscratch/ark/pingw220/qwen_abc_r2_offload/component_sota_audio/svs/ref/27o7ErWiozSj47o3dnPvVf/fs.mid,,15.1,30.0,,
61c24834d9,8478922c84,B,ready,wav,/gscratch/ark/pingw220/qwen_abc_r2_offload/component_sota_audio/svs/ref/47ZxPbe5sBnGaQanA7sQDq/fastsinger.wav,,1.14,30.0,,
dc3f7690d0,8478922c84,B,ready,wav,/gscratch/ark/pingw220/qwen_abc_r2_offload/component_sota_audio/svs/ref/47ZxPbe5sBnGaQanA7sQDq/soulx/generated.wav,,1.14,30.0,,
21efa35880,8478922c84,B,ready,midi_to_render,/gscratch/ark/pingw220/qwen_abc_r2_offload/component_sota_audio/svs/ref/47ZxPbe5sBnGaQanA7sQDq/fs.mid,,1.14,30.0,,
adb0e771a6,057ac462b8,B,ready,wav,/gscratch/ark/pingw220/qwen_abc_r2_offload/component_sota_audio/svs/ref/4Cvd1vwstGUZTdnL6X35md/fastsinger.wav,,12.33,30.0,,
78a36f1efe,057ac462b8,B,ready,wav,/gscratch/ark/pingw220/qwen_abc_r2_offload/component_sota_audio/svs/ref/4Cvd1vwstGUZTdnL6X35md/soulx/generated.wav,,12.33,30.0,,
50c4c03b2a,057ac462b8,B,ready,midi_to_render,/gscratch/ark/pingw220/qwen_abc_r2_offload/component_sota_audio/svs/ref/4Cvd1vwstGUZTdnL6X35md/fs.mid,,12.33,30.0,,
fb4a1269bc,109fd427b0,B,ready,wav,/gscratch/ark/pingw220/qwen_abc_r2_offload/component_sota_audio/svs/e3b/2YSqK9S0SZjulBJdc9BYuu/fastsinger.wav,,11.53,30.0,,
a7494feeb1,109fd427b0,B,ready,wav,/gscratch/ark/pingw220/qwen_abc_r2_offload/component_sota_audio/svs/e3b/2YSqK9S0SZjulBJdc9BYuu/soulx/generated.wav,,11.53,30.0,,
7eb5643c3d,109fd427b0,B,ready,midi_to_render,/gscratch/ark/pingw220/qwen_abc_r2_offload/component_sota_audio/svs/e3b/2YSqK9S0SZjulBJdc9BYuu/fs.mid,,11.53,30.0,,
d0bfad5173,36f5ffd195,B,ready,wav,/gscratch/ark/pingw220/qwen_abc_r2_offload/component_sota_audio/svs/e3b/27o7ErWiozSj47o3dnPvVf/fastsinger.wav,,16.65,30.0,,
422ca71e46,36f5ffd195,B,ready,wav,/gscratch/ark/pingw220/qwen_abc_r2_offload/component_sota_audio/svs/e3b/27o7ErWiozSj47o3dnPvVf/soulx/generated.wav,,16.65,30.0,,
1347fb508b,36f5ffd195,B,ready,midi_to_render,/gscratch/ark/pingw220/qwen_abc_r2_offload/component_sota_audio/svs/e3b/27o7ErWiozSj47o3dnPvVf/fs.mid,,16.65,30.0,,
09b6dd6c36,b1a387227f,B,ready,wav,/gscratch/ark/pingw220/qwen_abc_r2_offload/component_sota_audio/svs/e3b/4VEbbZeJwrlqRBTTscq3m2/fastsinger.wav,,8.71,30.0,,
03d60f0d83,b1a387227f,B,ready,wav,/gscratch/ark/pingw220/qwen_abc_r2_offload/component_sota_audio/svs/e3b/4VEbbZeJwrlqRBTTscq3m2/soulx/generated.wav,,8.71,30.0,,
3247fef7d8,b1a387227f,B,ready,midi_to_render,/gscratch/ark/pingw220/qwen_abc_r2_offload/component_sota_audio/svs/e3b/4VEbbZeJwrlqRBTTscq3m2/fs.mid,,8.71,30.0,,
7801c90341,bbb3f2ea82,B,ready,wav,/gscratch/ark/pingw220/qwen_abc_r2_offload/component_sota_audio/svs/e3b/5LlXalu5DZuQl7Q9CmNKp0/fastsinger.wav,,6.06,30.0,,
1d4a235cac,bbb3f2ea82,B,ready,wav,/gscratch/ark/pingw220/qwen_abc_r2_offload/component_sota_audio/svs/e3b/5LlXalu5DZuQl7Q9CmNKp0/soulx/generated.wav,,6.06,30.0,,
52c31418a2,bbb3f2ea82,B,ready,midi_to_render,/gscratch/ark/pingw220/qwen_abc_r2_offload/component_sota_audio/svs/e3b/5LlXalu5DZuQl7Q9CmNKp0/fs.mid,,6.06,30.0,,
7dc7cd37ec,3694887b53,B,ready,wav,/gscratch/ark/pingw220/qwen_abc_r2_offload/component_sota_audio/svs/mel/0A4ehMRLl7v8TFyhSbdkh8/fastsinger.wav,,19.16,30.0,,
adc920d9de,3694887b53,B,ready,wav,/gscratch/ark/pingw220/qwen_abc_r2_offload/component_sota_audio/svs/mel/0A4ehMRLl7v8TFyhSbdkh8/soulx/generated.wav,,19.16,30.0,,
8325798bd8,3694887b53,B,ready,midi_to_render,/gscratch/ark/pingw220/qwen_abc_r2_offload/component_sota_audio/svs/mel/0A4ehMRLl7v8TFyhSbdkh8/fs.mid,,19.16,30.0,,
07b217cd03,804c72766c,B,ready,wav,/gscratch/ark/pingw220/qwen_abc_r2_offload/component_sota_audio/svs/mel/32fzm1b8Ivyyj9qKXjiMZw/fastsinger.wav,,5.08,30.0,,
f5c75e1005,804c72766c,B,ready,wav,/gscratch/ark/pingw220/qwen_abc_r2_offload/component_sota_audio/svs/mel/32fzm1b8Ivyyj9qKXjiMZw/soulx/generated.wav,,5.08,30.0,,
bc515aec49,804c72766c,B,ready,midi_to_render,/gscratch/ark/pingw220/qwen_abc_r2_offload/component_sota_audio/svs/mel/32fzm1b8Ivyyj9qKXjiMZw/fs.mid,,5.08,30.0,,
434feeecc1,345dea94b4,B,ready,wav,/gscratch/ark/pingw220/qwen_abc_r2_offload/component_sota_audio/svs/mel/1heBg3CKPc4qVUXzVO49I2/fastsinger.wav,,12.2,30.0,,
9ed85d69af,345dea94b4,B,ready,wav,/gscratch/ark/pingw220/qwen_abc_r2_offload/component_sota_audio/svs/mel/1heBg3CKPc4qVUXzVO49I2/soulx/generated.wav,,12.2,30.0,,
fe2e34c3ac,345dea94b4,B,ready,midi_to_render,/gscratch/ark/pingw220/qwen_abc_r2_offload/component_sota_audio/svs/mel/1heBg3CKPc4qVUXzVO49I2/fs.mid,,12.2,30.0,,
4fbb2f5f87,3385fc5424,B,ready,wav,/gscratch/ark/pingw220/qwen_abc_r2_offload/component_sota_audio/svs/mel/255drLOJ94rmt1SDRj6H3N/fastsinger.wav,,16.2,30.0,,
a7c3f790ec,3385fc5424,B,ready,wav,/gscratch/ark/pingw220/qwen_abc_r2_offload/component_sota_audio/svs/mel/255drLOJ94rmt1SDRj6H3N/soulx/generated.wav,,16.2,30.0,,
38b13d4f95,3385fc5424,B,ready,midi_to_render,/gscratch/ark/pingw220/qwen_abc_r2_offload/component_sota_audio/svs/mel/255drLOJ94rmt1SDRj6H3N/fs.mid,,16.2,30.0,,
0abec19850,febd1d0c80,B,ready,wav,/gscratch/ark/pingw220/qwen_abc_r2_offload/component_sota_audio/svs/csl_offc/4Cvd1vwstGUZTdnL6X35md/fastsinger.wav,,0.0,30.0,,
238af383ac,febd1d0c80,B,ready,wav,/gscratch/ark/pingw220/qwen_abc_r2_offload/component_sota_audio/svs/csl_offc/4Cvd1vwstGUZTdnL6X35md/soulx/generated.wav,,0.0,30.0,,
206cc9ede7,febd1d0c80,B,ready,midi_to_render,/gscratch/ark/pingw220/qwen_abc_r2_offload/component_sota_audio/svs/csl_offc/4Cvd1vwstGUZTdnL6X35md/fs.mid,,0.0,30.0,,
5c7b09b7a2,21dca2fe2f,B,ready,wav,/gscratch/ark/pingw220/qwen_abc_r2_offload/component_sota_audio/svs/csl_offc/1heBg3CKPc4qVUXzVO49I2/fastsinger.wav,,0.0,30.0,,
b5b84730f3,21dca2fe2f,B,ready,wav,/gscratch/ark/pingw220/qwen_abc_r2_offload/component_sota_audio/svs/csl_offc/1heBg3CKPc4qVUXzVO49I2/soulx/generated.wav,,0.0,30.0,,
eef643fb4c,21dca2fe2f,B,ready,midi_to_render,/gscratch/ark/pingw220/qwen_abc_r2_offload/component_sota_audio/svs/csl_offc/1heBg3CKPc4qVUXzVO49I2/fs.mid,,0.0,30.0,,
430408305c,639702996e,B,ready,wav,/gscratch/ark/pingw220/qwen_abc_r2_offload/component_sota_audio/svs/csl_offc/09d4jeFypKBWzZVfHKBeVY/fastsinger.wav,,0.0,30.0,,
2f639f6e7f,639702996e,B,ready,wav,/gscratch/ark/pingw220/qwen_abc_r2_offload/component_sota_audio/svs/csl_offc/09d4jeFypKBWzZVfHKBeVY/soulx/generated.wav,,0.0,30.0,,
1ca7f12a6a,639702996e,B,ready,midi_to_render,/gscratch/ark/pingw220/qwen_abc_r2_offload/component_sota_audio/svs/csl_offc/09d4jeFypKBWzZVfHKBeVY/fs.mid,,0.0,30.0,,
43aaa838ed,f5880a1cd2,B,ready,wav,/gscratch/ark/pingw220/qwen_abc_r2_offload/component_sota_audio/svs/csl_offc/28IzuspwIj6C8XAOoIJ1Wp/fastsinger.wav,,0.0,30.0,,
5e90b5a9fe,f5880a1cd2,B,ready,wav,/gscratch/ark/pingw220/qwen_abc_r2_offload/component_sota_audio/svs/csl_offc/28IzuspwIj6C8XAOoIJ1Wp/soulx/generated.wav,,0.0,30.0,,
e33d62bfd6,f5880a1cd2,B,ready,midi_to_render,/gscratch/ark/pingw220/qwen_abc_r2_offload/component_sota_audio/svs/csl_offc/28IzuspwIj6C8XAOoIJ1Wp/fs.mid,,0.0,30.0,,
7ab0a35955,1c39ac91ad,B,ready,wav,/gscratch/ark/pingw220/qwen_abc_r2_offload/component_sota_audio/svs/csl_rtc/47ZxPbe5sBnGaQanA7sQDq/fastsinger.wav,,0.0,30.0,,
d00db376ce,1c39ac91ad,B,ready,wav,/gscratch/ark/pingw220/qwen_abc_r2_offload/component_sota_audio/svs/csl_rtc/47ZxPbe5sBnGaQanA7sQDq/soulx/generated.wav,,0.0,30.0,,
cbc4232137,1c39ac91ad,B,ready,midi_to_render,/gscratch/ark/pingw220/qwen_abc_r2_offload/component_sota_audio/svs/csl_rtc/47ZxPbe5sBnGaQanA7sQDq/fs.mid,,0.0,30.0,,
5207bd1124,d6b48fcaf1,B,pending,wav,/gscratch/ark/pingw220/qwen_abc_r2_offload/component_sota_audio/svs/csl_rtc/27o7ErWiozSj47o3dnPvVf/fastsinger.wav,,0.0,30.0,,
81d8ea9b98,d6b48fcaf1,B,ready,wav,/gscratch/ark/pingw220/qwen_abc_r2_offload/component_sota_audio/svs/csl_rtc/27o7ErWiozSj47o3dnPvVf/soulx/generated.wav,,0.0,30.0,,
96a6969616,d6b48fcaf1,B,ready,midi_to_render,/gscratch/ark/pingw220/qwen_abc_r2_offload/component_sota_audio/svs/csl_rtc/27o7ErWiozSj47o3dnPvVf/fs.mid,,0.0,30.0,,
8a80a316c1,c06dd51670,B,ready,wav,/gscratch/ark/pingw220/qwen_abc_r2_offload/component_sota_audio/svs/csl_rtc/4KnaiD9UY8fAhM1GrM9M8m/fastsinger.wav,,0.0,30.0,,
ab0f98627b,c06dd51670,B,ready,wav,/gscratch/ark/pingw220/qwen_abc_r2_offload/component_sota_audio/svs/csl_rtc/4KnaiD9UY8fAhM1GrM9M8m/soulx/generated.wav,,0.0,30.0,,
4a94f72464,c06dd51670,B,ready,midi_to_render,/gscratch/ark/pingw220/qwen_abc_r2_offload/component_sota_audio/svs/csl_rtc/4KnaiD9UY8fAhM1GrM9M8m/fs.mid,,0.0,30.0,,
5a8716d12b,76fadea85b,B,ready,wav,/gscratch/ark/pingw220/qwen_abc_r2_offload/component_sota_audio/svs/csl_rtc/5K8AQ2dBiXolebEfawTrzv/fastsinger.wav,,0.0,30.0,,
cfea721e4b,76fadea85b,B,ready,wav,/gscratch/ark/pingw220/qwen_abc_r2_offload/component_sota_audio/svs/csl_rtc/5K8AQ2dBiXolebEfawTrzv/soulx/generated.wav,,0.0,30.0,,
e8076c8e61,76fadea85b,B,ready,midi_to_render,/gscratch/ark/pingw220/qwen_abc_r2_offload/component_sota_audio/svs/csl_rtc/5K8AQ2dBiXolebEfawTrzv/fs.mid,,0.0,30.0,,
5fc32eefbe,695ac8ead0,C,ready,wav,/gscratch/ark/pingw220/qwen_abc_r2_offload/component_sota_audio/backing/chords/render/5LlXalu5DZuQl7Q9CmNKp0__qwen/mix.wav,,5.06,30.0,,
966082fd0c,695ac8ead0,C,ready,wav,/gscratch/ark/pingw220/qwen_abc_r2_offload/component_sota_audio/backing/chords/render/5LlXalu5DZuQl7Q9CmNKp0__am2/mix.wav,,5.06,30.0,,
8dbd6571d9,6458daaee0,C,ready,wav,/gscratch/ark/pingw220/qwen_abc_r2_offload/component_sota_audio/backing/chords/render/6NqPOID1RsXpj7IAEsgd2v__qwen/mix.wav,,9.21,30.0,,
ee52a887cf,6458daaee0,C,ready,wav,/gscratch/ark/pingw220/qwen_abc_r2_offload/component_sota_audio/backing/chords/render/6NqPOID1RsXpj7IAEsgd2v__am2/mix.wav,,9.21,30.0,,
6887a8e018,f189fef362,C,ready,wav,/gscratch/ark/pingw220/qwen_abc_r2_offload/component_sota_audio/backing/chords/render/1oWX2EGO7Z8YCZ5jJuGrpM__qwen/mix.wav,,13.43,30.0,,
99119c1546,f189fef362,C,ready,wav,/gscratch/ark/pingw220/qwen_abc_r2_offload/component_sota_audio/backing/chords/render/1oWX2EGO7Z8YCZ5jJuGrpM__am2/mix.wav,,13.43,30.0,,
737b90d0fd,3dca0ee9be,C,ready,wav,/gscratch/ark/pingw220/qwen_abc_r2_offload/component_sota_audio/backing/chords/render/5gIW9IMReT6xicyfHKtcug__qwen/mix.wav,,5.85,30.0,,
1dabbd1dff,3dca0ee9be,C,ready,wav,/gscratch/ark/pingw220/qwen_abc_r2_offload/component_sota_audio/backing/chords/render/5gIW9IMReT6xicyfHKtcug__am2/mix.wav,,5.85,30.0,,
9e3ad9bc49,5861965bc0,C,ready,wav,/gscratch/ark/pingw220/qwen_abc_r2_offload/component_sota_audio/backing/chords/render/3im9iOhpZNgaTS4VGYOGF9__qwen/mix.wav,,0.0,30.0,,
2d966f5f17,5861965bc0,C,ready,wav,/gscratch/ark/pingw220/qwen_abc_r2_offload/component_sota_audio/backing/chords/render/3im9iOhpZNgaTS4VGYOGF9__am2/mix.wav,,0.0,30.0,,
3641d50042,fdf6e642f4,C,ready,wav,/gscratch/ark/pingw220/qwen_abc_r2_offload/component_sota_audio/backing/chords/render/2YSqK9S0SZjulBJdc9BYuu__qwen/mix.wav,,10.53,30.0,,
dcff586adb,fdf6e642f4,C,ready,wav,/gscratch/ark/pingw220/qwen_abc_r2_offload/component_sota_audio/backing/chords/render/2YSqK9S0SZjulBJdc9BYuu__am2/mix.wav,,10.53,30.0,,
c58692f970,aea95ce939,C,ready,wav,/gscratch/ark/pingw220/qwen_abc_r2_offload/component_sota_audio/backing/chords/render/59E7BFFni2GTDisijRqKU7__qwen/mix.wav,,16.26,30.0,,
ef3c3dbb16,aea95ce939,C,ready,wav,/gscratch/ark/pingw220/qwen_abc_r2_offload/component_sota_audio/backing/chords/render/59E7BFFni2GTDisijRqKU7__ref/mix.wav,,16.26,30.0,,
6c9892190d,b316b4831d,C,ready,wav,/gscratch/ark/pingw220/qwen_abc_r2_offload/component_sota_audio/backing/chords/render/28IzuspwIj6C8XAOoIJ1Wp__qwen/mix.wav,,0.0,30.0,,
810a9a1ea8,b316b4831d,C,ready,wav,/gscratch/ark/pingw220/qwen_abc_r2_offload/component_sota_audio/backing/chords/render/28IzuspwIj6C8XAOoIJ1Wp__ref/mix.wav,,0.0,30.0,,
015d40ebfc,1c998c9107,C,ready,wav,/gscratch/ark/pingw220/qwen_abc_r2_offload/component_sota_audio/backing/chords/render/5K8AQ2dBiXolebEfawTrzv__qwen/mix.wav,,16.22,30.0,,
f2a289cdba,1c998c9107,C,ready,wav,/gscratch/ark/pingw220/qwen_abc_r2_offload/component_sota_audio/backing/chords/render/5K8AQ2dBiXolebEfawTrzv__ref/mix.wav,,16.22,30.0,,
0a0bef2545,f780c121e7,C,ready,wav,/gscratch/ark/pingw220/qwen_abc_r2_offload/component_sota_audio/backing/chords/render/7ya27A8QscYolruZhE2dAy__qwen/mix.wav,,17.46,30.0,,
10dbb17073,f780c121e7,C,ready,wav,/gscratch/ark/pingw220/qwen_abc_r2_offload/component_sota_audio/backing/chords/render/7ya27A8QscYolruZhE2dAy__ref/mix.wav,,17.46,30.0,,
63dd97db6b,51a1fdc4bb,C,ready,wav,/gscratch/ark/pingw220/qwen_abc_r2_offload/component_sota_audio/backing/chords/render/47ZxPbe5sBnGaQanA7sQDq__qwen/mix.wav,,0.14,30.0,,
a6a0e63b2b,51a1fdc4bb,C,ready,wav,/gscratch/ark/pingw220/qwen_abc_r2_offload/component_sota_audio/backing/chords/render/47ZxPbe5sBnGaQanA7sQDq__ref/mix.wav,,0.14,30.0,,
562b10fbad,532f7d60df,C,ready,wav,/gscratch/ark/pingw220/qwen_abc_r2_offload/component_sota_audio/backing/chords/render/4VEbbZeJwrlqRBTTscq3m2__qwen/mix.wav,,7.49,30.0,,
12bb9b00ac,532f7d60df,C,ready,wav,/gscratch/ark/pingw220/qwen_abc_r2_offload/component_sota_audio/backing/chords/render/4VEbbZeJwrlqRBTTscq3m2__ref/mix.wav,,7.49,30.0,,
e06d15e774,03df11ae6c,C,ready,wav,/gscratch/ark/pingw220/qwen_abc_r2_offload/component_sota_audio/backing/chords/render/1heBg3CKPc4qVUXzVO49I2__am2/mix.wav,,0.0,30.0,,
7dc6b9ef40,03df11ae6c,C,ready,wav,/gscratch/ark/pingw220/qwen_abc_r2_offload/component_sota_audio/backing/chords/render/1heBg3CKPc4qVUXzVO49I2__ref/mix.wav,,0.0,30.0,,
db8534efbc,3546319c8f,C,ready,wav,/gscratch/ark/pingw220/qwen_abc_r2_offload/component_sota_audio/backing/chords/render/47ZxPbe5sBnGaQanA7sQDq__am2/mix.wav,,0.14,30.0,,
4aceb40912,3546319c8f,C,ready,wav,/gscratch/ark/pingw220/qwen_abc_r2_offload/component_sota_audio/backing/chords/render/47ZxPbe5sBnGaQanA7sQDq__ref/mix.wav,,0.14,30.0,,
e4253e86e2,1f62cd6593,C,ready,wav,/gscratch/ark/pingw220/qwen_abc_r2_offload/component_sota_audio/backing/chords/render/3JjXD9DVfxh001wI5IACZ1__am2/mix.wav,,16.06,30.0,,
a1805f1411,1f62cd6593,C,ready,wav,/gscratch/ark/pingw220/qwen_abc_r2_offload/component_sota_audio/backing/chords/render/3JjXD9DVfxh001wI5IACZ1__ref/mix.wav,,16.06,30.0,,
d7d3cf2c3b,8c2bcf050a,C,ready,wav,/gscratch/ark/pingw220/qwen_abc_r2_offload/component_sota_audio/backing/chords/render/3im9iOhpZNgaTS4VGYOGF9__am2/mix.wav,,0.0,30.0,,
a945110ea6,8c2bcf050a,C,ready,wav,/gscratch/ark/pingw220/qwen_abc_r2_offload/component_sota_audio/backing/chords/render/3im9iOhpZNgaTS4VGYOGF9__ref/mix.wav,,0.0,30.0,,
a2e76e494b,240b298698,C,ready,wav,/gscratch/ark/pingw220/qwen_abc_r2_offload/component_sota_audio/backing/chords/render/32fzm1b8Ivyyj9qKXjiMZw__am2/mix.wav,,0.0,30.0,,
ee2d1fb7c2,240b298698,C,ready,wav,/gscratch/ark/pingw220/qwen_abc_r2_offload/component_sota_audio/backing/chords/render/32fzm1b8Ivyyj9qKXjiMZw__ref/mix.wav,,0.0,30.0,,
b075b9f0c6,5de118abe6,C,ready,wav,/gscratch/ark/pingw220/qwen_abc_r2_offload/component_sota_audio/backing/chords/render/0CxfpbQfmX4bR6mA6aarL3__am2/mix.wav,,17.65,30.0,,
561cb11abc,5de118abe6,C,ready,wav,/gscratch/ark/pingw220/qwen_abc_r2_offload/component_sota_audio/backing/chords/render/0CxfpbQfmX4bR6mA6aarL3__ref/mix.wav,,17.65,30.0,,
a57f2a5549,09743a97ec,D,ready,wav,/gscratch/ark/pingw220/qwen_abc_r2_offload/component_sota_audio/listening_render/f998958da0/fastsinger.wav,,72.67,45.0,"[3, 5]",
9cbf84927c,09743a97ec,D,ready,wav,/gscratch/ark/pingw220/qwen_abc_r2_offload/component_sota_audio/listening_render/7786320a89/fastsinger.wav,,72.67,45.0,"[3, 5]",
dfadca5961,d1f9fd2928,D,ready,wav,/gscratch/ark/pingw220/qwen_abc_r2_offload/component_sota_audio/listening_render/f998958da0/fastsinger.wav,,72.67,45.0,"[3, 5]",
7841b30f11,d1f9fd2928,D,ready,wav,/gscratch/ark/pingw220/qwen_abc_r2_offload/component_sota_audio/listening_render/ef31c55b1a/fastsinger.wav,,72.67,45.0,"[3, 5]",
2f0cd7bc5c,b19dc78e5b,D,ready,wav,/gscratch/ark/pingw220/qwen_abc_r2_offload/component_sota_audio/listening_render/f2fb7d799a/fastsinger.wav,,126.2,45.0,"[6, 8]",
7a456b190b,b19dc78e5b,D,ready,wav,/gscratch/ark/pingw220/qwen_abc_r2_offload/component_sota_audio/listening_render/4186f9eafb/fastsinger.wav,,126.2,45.0,"[6, 8]",
ebd8dcb600,bb405f2e92,D,ready,wav,/gscratch/ark/pingw220/qwen_abc_r2_offload/component_sota_audio/listening_render/f2fb7d799a/fastsinger.wav,,126.2,45.0,"[6, 8]",
fb1ac944e3,bb405f2e92,D,ready,wav,/gscratch/ark/pingw220/qwen_abc_r2_offload/component_sota_audio/listening_render/d8ba2c358c/fastsinger.wav,,126.2,45.0,"[6, 8]",
c7bdc67dfd,51cc90875b,D,ready,wav,/gscratch/ark/pingw220/qwen_abc_r2_offload/component_sota_audio/listening_render/afae9ebcd1/fastsinger.wav,,98.84,45.0,"[6, 8]",
a9bc8de7c2,51cc90875b,D,ready,wav,/gscratch/ark/pingw220/qwen_abc_r2_offload/component_sota_audio/listening_render/57087723db/fastsinger.wav,,98.84,45.0,"[6, 8]",
238acc4aae,a7faa07593,D,ready,wav,/gscratch/ark/pingw220/qwen_abc_r2_offload/component_sota_audio/listening_render/afae9ebcd1/fastsinger.wav,,98.84,45.0,"[6, 8]",
bb763aaa1d,a7faa07593,D,ready,wav,/gscratch/ark/pingw220/qwen_abc_r2_offload/component_sota_audio/listening_render/a9deb0cbda/fastsinger.wav,,98.84,45.0,"[6, 8]",
16701548db,89db4f808f,D,ready,wav,/gscratch/ark/pingw220/qwen_abc_r2_offload/component_sota_audio/listening_render/bfe26f13e5/fastsinger.wav,,68.43,45.0,"[3, 5]",
dfcbe93a55,89db4f808f,D,ready,wav,/gscratch/ark/pingw220/qwen_abc_r2_offload/component_sota_audio/listening_render/77b0c8d44c/fastsinger.wav,,68.43,45.0,"[3, 5]",
7499aa97ea,c61018d748,D,ready,wav,/gscratch/ark/pingw220/qwen_abc_r2_offload/component_sota_audio/listening_render/bfe26f13e5/fastsinger.wav,,68.43,45.0,"[3, 5]",
81540f2cc9,c61018d748,D,ready,wav,/gscratch/ark/pingw220/qwen_abc_r2_offload/component_sota_audio/listening_render/b28a090532/fastsinger.wav,,68.43,45.0,"[3, 5]",
2f6bea8132,c94bb6d06e,D,ready,wav,/gscratch/ark/pingw220/qwen_abc_r2_offload/component_sota_audio/listening_render/086bcfdb66/fastsinger.wav,,85.59,45.0,"[4, 6]",
18af03e16d,c94bb6d06e,D,ready,wav,/gscratch/ark/pingw220/qwen_abc_r2_offload/component_sota_audio/listening_render/15bda87b2b/fastsinger.wav,,85.59,45.0,"[4, 6]",
83ba45e7c8,5c9fa4c844,D,ready,wav,/gscratch/ark/pingw220/qwen_abc_r2_offload/component_sota_audio/listening_render/086bcfdb66/fastsinger.wav,,85.59,45.0,"[4, 6]",
b78d65fcb7,5c9fa4c844,D,ready,wav,/gscratch/ark/pingw220/qwen_abc_r2_offload/component_sota_audio/listening_render/c44b4be994/fastsinger.wav,,85.59,45.0,"[4, 6]",
d5b9625d43,135ba869a3,D,ready,wav,/gscratch/ark/pingw220/qwen_abc_r2_offload/component_sota_audio/listening_render/ff88384fad/fastsinger.wav,,96.3,45.0,"[5, 7]",
fe5b3bdc0e,135ba869a3,D,ready,wav,/gscratch/ark/pingw220/qwen_abc_r2_offload/component_sota_audio/listening_render/f43be8e0d4/fastsinger.wav,,96.3,45.0,"[5, 7]",
524a7b2fb2,682966ee55,D,ready,wav,/gscratch/ark/pingw220/qwen_abc_r2_offload/component_sota_audio/listening_render/ff88384fad/fastsinger.wav,,96.3,45.0,"[5, 7]",
bf122cb5c4,682966ee55,D,ready,wav,/gscratch/ark/pingw220/qwen_abc_r2_offload/component_sota_audio/listening_render/403c2ab275/fastsinger.wav,,95.76,45.0,"[5, 7]",
9b6a5a5e3e,8508ae3d95,D,ready,wav,/gscratch/ark/pingw220/qwen_abc_r2_offload/component_sota_audio/listening_render/ca06691e6b/fastsinger.wav,,67.77,45.0,"[4, 6]",
5dc51218c8,8508ae3d95,D,ready,wav,/gscratch/ark/pingw220/qwen_abc_r2_offload/component_sota_audio/listening_render/bc022da1b9/fastsinger.wav,,67.77,45.0,"[4, 6]",
2b94457dc9,46300cfdda,D,ready,wav,/gscratch/ark/pingw220/qwen_abc_r2_offload/component_sota_audio/listening_render/ca06691e6b/fastsinger.wav,,67.77,45.0,"[4, 6]",
5f6937f05d,46300cfdda,D,ready,wav,/gscratch/ark/pingw220/qwen_abc_r2_offload/component_sota_audio/listening_render/0aa42dee01/fastsinger.wav,,67.77,45.0,"[4, 6]",
2baec4d93f,5477f70bb1,D,ready,wav,/gscratch/ark/pingw220/qwen_abc_r2_offload/component_sota_audio/listening_render/5e36b5f6ab/fastsinger.wav,,36.58,45.0,"[2, 4]",
ec12b52de5,5477f70bb1,D,ready,wav,/gscratch/ark/pingw220/qwen_abc_r2_offload/component_sota_audio/listening_render/ab88e539d2/fastsinger.wav,,36.58,45.0,"[2, 4]",
74dd377b60,aae750c034,D,ready,wav,/gscratch/ark/pingw220/qwen_abc_r2_offload/component_sota_audio/listening_render/5e36b5f6ab/fastsinger.wav,,36.58,45.0,"[2, 4]",
25afa069e5,aae750c034,D,ready,wav,/gscratch/ark/pingw220/qwen_abc_r2_offload/component_sota_audio/listening_render/772fe5c421/fastsinger.wav,,36.58,45.0,"[2, 4]",
64230060f4,52d72aa8e0,D,ready,wav,/gscratch/ark/pingw220/qwen_abc_r2_offload/component_sota_audio/listening_render/62160333c8/fastsinger.wav,,8.26,45.0,"[1, 3]",
ddab275195,52d72aa8e0,D,ready,wav,/gscratch/ark/pingw220/qwen_abc_r2_offload/component_sota_audio/listening_render/039502367a/fastsinger.wav,,8.26,45.0,"[1, 3]",
a42664dda3,29eca9394a,D,ready,wav,/gscratch/ark/pingw220/qwen_abc_r2_offload/component_sota_audio/listening_render/62160333c8/fastsinger.wav,,8.26,45.0,"[1, 3]",
711bb97742,29eca9394a,D,ready,wav,/gscratch/ark/pingw220/qwen_abc_r2_offload/component_sota_audio/listening_render/ecfa6ba6b0/fastsinger.wav,,8.26,45.0,"[1, 3]",
ad32d0caa0,b51b349dcb,D,ready,wav,/gscratch/ark/pingw220/qwen_abc_r2_offload/component_sota_audio/listening_render/a59aaadb10/fastsinger.wav,,0.0,45.0,"[0, 2]",
4aba5c19a2,b51b349dcb,D,ready,wav,/gscratch/ark/pingw220/qwen_abc_r2_offload/component_sota_audio/listening_render/7fd2ab91c1/fastsinger.wav,,0.0,45.0,"[0, 2]",
0d17a1e152,d6a9f26736,D,ready,wav,/gscratch/ark/pingw220/qwen_abc_r2_offload/component_sota_audio/listening_render/a59aaadb10/fastsinger.wav,,0.0,45.0,"[0, 2]",
af6662a5c9,d6a9f26736,D,ready,wav,/gscratch/ark/pingw220/qwen_abc_r2_offload/component_sota_audio/listening_render/6a8ba926f2/fastsinger.wav,,0.0,45.0,"[0, 2]",
fc3e3dab87,cb0dd299e8,D,ready,wav,/gscratch/ark/pingw220/qwen_abc_r2_offload/component_sota_audio/listening_render/72b8c15700/fastsinger.wav,,112.81,45.0,"[5, 7]",
daaab26612,cb0dd299e8,D,ready,wav,/gscratch/ark/pingw220/qwen_abc_r2_offload/component_sota_audio/listening_render/069c4107fa/fastsinger.wav,,112.81,45.0,"[5, 7]",
22ac7c98a7,a647425495,D,ready,wav,/gscratch/ark/pingw220/qwen_abc_r2_offload/component_sota_audio/listening_render/72b8c15700/fastsinger.wav,,112.81,45.0,"[5, 7]",
e7c1c3b593,a647425495,D,ready,wav,/gscratch/ark/pingw220/qwen_abc_r2_offload/component_sota_audio/listening_render/84b98b9b1b/fastsinger.wav,,112.81,45.0,"[5, 7]",
16fcdd913d,55694456db,D,ready,wav,/gscratch/ark/pingw220/qwen_abc_r2_offload/component_sota_audio/listening_render/5341943f46/fastsinger.wav,,84.85,45.0,"[6, 8]",
3281cfd4ae,55694456db,D,ready,wav,/gscratch/ark/pingw220/qwen_abc_r2_offload/component_sota_audio/listening_render/2c26a3a7a0/fastsinger.wav,,84.85,45.0,"[6, 8]",
0b91abc4f0,1d033b4b74,D,ready,wav,/gscratch/ark/pingw220/qwen_abc_r2_offload/component_sota_audio/listening_render/5341943f46/fastsinger.wav,,84.85,45.0,"[6, 8]",
7de39c6ff3,1d033b4b74,D,ready,wav,/gscratch/ark/pingw220/qwen_abc_r2_offload/component_sota_audio/listening_render/1e551b6fe5/fastsinger.wav,,84.85,45.0,"[6, 8]",
ff4d4f8473,7b06023045,E,ready,wav,/gscratch/ark/pingw220/qwen_abc_r2_offload/component_sota_audio/listening_render/41e5a3f448/fastsinger.wav,,130.48,18.7,"[8, 8]",
186f2211ce,7b06023045,E,ready,wav,/gscratch/ark/pingw220/qwen_abc_r2_offload/component_sota_audio/listening_render/9c3a9efed0/fastsinger.wav,,130.48,18.7,"[8, 8]",
b5c7e3e37b,5da81eed51,E,ready,wav,/gscratch/ark/pingw220/qwen_abc_r2_offload/component_sota_audio/listening_render/5e36b5f6ab/fastsinger.wav,,62.96,23.1,"[3, 3]",
f370d93cd9,5da81eed51,E,ready,wav,/gscratch/ark/pingw220/qwen_abc_r2_offload/component_sota_audio/listening_render/f6b8bf78b1/fastsinger.wav,,62.96,23.1,"[3, 3]",
a390251726,26ae8ff0f8,E,ready,wav,/gscratch/ark/pingw220/qwen_abc_r2_offload/component_sota_audio/listening_render/1df5d56b08/fastsinger.wav,,34.29,37.29,"[2, 2]",
fb1da093cd,26ae8ff0f8,E,ready,wav,/gscratch/ark/pingw220/qwen_abc_r2_offload/component_sota_audio/listening_render/173e8cff62/fastsinger.wav,,34.29,37.29,"[2, 2]",
ee5ef120df,33d0a34383,E,ready,wav,/gscratch/ark/pingw220/qwen_abc_r2_offload/component_sota_audio/listening_render/7e48f08f9b/fastsinger.wav,,38.59,21.79,"[2, 2]",
c916d513c8,33d0a34383,E,ready,wav,/gscratch/ark/pingw220/qwen_abc_r2_offload/component_sota_audio/listening_render/d402e89a27/fastsinger.wav,,38.59,21.79,"[2, 2]",
c7ffdbde55,2ae50c1014,E,ready,wav,/gscratch/ark/pingw220/qwen_abc_r2_offload/component_sota_audio/listening_render/ade88769ec/fastsinger.wav,,54.67,31.69,"[2, 2]",
803e8b731c,2ae50c1014,E,ready,wav,/gscratch/ark/pingw220/qwen_abc_r2_offload/component_sota_audio/listening_render/5263db7c9d/fastsinger.wav,,54.67,31.69,"[2, 2]",
0ae64ad10b,26904ed5ff,E,ready,wav,/gscratch/ark/pingw220/qwen_abc_r2_offload/component_sota_audio/listening_render/ff88384fad/fastsinger.wav,,115.76,19.3,"[6, 6]",
5480be7479,26904ed5ff,E,ready,wav,/gscratch/ark/pingw220/qwen_abc_r2_offload/component_sota_audio/listening_render/176ca18baa/fastsinger.wav,,115.76,19.3,"[6, 6]",
a6712a7407,b8e3d135dc,E,ready,wav,/gscratch/ark/pingw220/qwen_abc_r2_offload/component_sota_audio/listening_render/ade88769ec/fastsinger.wav,,54.67,31.69,"[2, 2]",
598f834360,b8e3d135dc,E,ready,wav,/gscratch/ark/pingw220/qwen_abc_r2_offload/component_sota_audio/listening_render/dd862a870f/fastsinger.wav,,54.67,31.69,"[2, 2]",
71d1c146e8,7ece45252d,E,ready,wav,/gscratch/ark/pingw220/qwen_abc_r2_offload/component_sota_audio/listening_render/f2fb7d799a/fastsinger.wav,,143.0,21.2,"[7, 7]",
34078637aa,7ece45252d,E,ready,wav,/gscratch/ark/pingw220/qwen_abc_r2_offload/component_sota_audio/listening_render/fea2d83f74/fastsinger.wav,,143.0,21.2,"[7, 7]",
eabaecb2fb,fc177aa053,E,ready,wav,/gscratch/ark/pingw220/qwen_abc_r2_offload/component_sota_audio/listening_render/5115b00ee6/fastsinger.wav,,33.18,23.27,"[2, 2]",
3b2c94a8dc,fc177aa053,E,ready,wav,/gscratch/ark/pingw220/qwen_abc_r2_offload/component_sota_audio/listening_render/c862b41b17/fastsinger.wav,,33.18,23.27,"[2, 2]",
8996dc8bcb,5e720cc2ff,E,ready,wav,/gscratch/ark/pingw220/qwen_abc_r2_offload/component_sota_audio/listening_render/62160333c8/fastsinger.wav,,24.59,16.12,"[2, 2]",
915d39b71b,5e720cc2ff,E,ready,wav,/gscratch/ark/pingw220/qwen_abc_r2_offload/component_sota_audio/listening_render/0e7f0d01d0/fastsinger.wav,,24.59,16.12,"[2, 2]",
8e83c7dc1f,27b1c10b94,E,ready,wav,/gscratch/ark/pingw220/qwen_abc_r2_offload/component_sota_audio/listening_render/a59aaadb10/fastsinger.wav,,12.33,25.7,"[1, 1]",
352e3a70ea,27b1c10b94,E,ready,wav,/gscratch/ark/pingw220/qwen_abc_r2_offload/component_sota_audio/listening_render/4e928b16cc/fastsinger.wav,,12.33,25.7,"[1, 1]",
b84b279034,013f9f95fb,E,ready,wav,/gscratch/ark/pingw220/qwen_abc_r2_offload/component_sota_audio/listening_render/2f914e3dd8/fastsinger.wav,,164.77,21.79,"[9, 9]",
71d042ca32,013f9f95fb,E,ready,wav,/gscratch/ark/pingw220/qwen_abc_r2_offload/component_sota_audio/listening_render/ef54642c59/fastsinger.wav,,164.77,21.79,"[9, 9]",
c679f73b48,9e03809536,B,ready,wav,/gscratch/ark/pingw220/qwen_abc_r2_offload/component_sota_audio/svs/mel/0A4ehMRLl7v8TFyhSbdkh8/fastsinger.wav,,19.16,30.0,,
1ed0a507fd,9e03809536,B,ready,wav,/gscratch/ark/pingw220/qwen_abc_r2_offload/component_sota_audio/svs/mel/0A4ehMRLl7v8TFyhSbdkh8/fastsinger.wav,,19.16,30.0,,
846fb4f582,9e03809536,B,ready,midi_to_render,/gscratch/ark/pingw220/qwen_abc_r2_offload/component_sota_audio/svs/mel/0A4ehMRLl7v8TFyhSbdkh8/fs.mid,,19.16,30.0,,
1431f7c946,c5157c835d,A,ready,wav,/gscratch/ark/pingw220/qwen_abc_r2_offload/component_sota_audio/svs/mel/5K8AQ2dBiXolebEfawTrzv/soulx/generated.wav,,16.94,30.0,,
947da478e0,c5157c835d,A,ready,wav,/gscratch/ark/pingw220/qwen_abc_r2_offload/component_sota_audio/svs/mel/5K8AQ2dBiXolebEfawTrzv/soulx/generated.wav,,16.94,30.0,,
d900b8a2a2,34d3e87c70,A,ready,wav,/gscratch/ark/pingw220/qwen_abc_r2_offload/component_sota_audio/svs/mel/1oWX2EGO7Z8YCZ5jJuGrpM/soulx/generated.wav,,14.43,30.0,,
5bf07edff9,34d3e87c70,A,ready,wav,/gscratch/ark/pingw220/qwen_abc_r2_offload/component_sota_audio/svs/mel/1oWX2EGO7Z8YCZ5jJuGrpM/soulx/generated.wav,,14.43,30.0,,degrade
73fc5ab1f9,e7040a2b16,A,ready,wav,/gscratch/ark/pingw220/qwen_abc_r2_offload/component_sota_audio/svs/mel/3im9iOhpZNgaTS4VGYOGF9/soulx/generated.wav,,7.97,30.0,,
2bcd0c5c25,e7040a2b16,A,ready,wav,/gscratch/ark/pingw220/qwen_abc_r2_offload/component_sota_audio/svs/mel/3im9iOhpZNgaTS4VGYOGF9/soulx/generated.wav,,7.97,30.0,,degrade
